﻿{"name":"Custom","background":"#000000","backgroundNeutral":"#000000","visualStyles":{"page":{"*":{"background":[{"color":{"solid":{"color":"#252525"}},"transparency":0}],"outspace":[{"color":{"solid":{"color":"#252525"}}}]}},"*":{"*":{"background":[{"color":{"solid":{"color":"#000000"}}}],"border":[{"color":{"solid":{"color":"#E1DCDC"}},"show":true,"radius":10}],"visualHeader":[{"background":{"solid":{"color":"#000000"}},"foreground":{"solid":{"color":"#F8F6F4"}}}],"outspacePane":[{"backgroundColor":{"solid":{"color":"#252525"}},"checkboxAndApplyColor":{"solid":{"color":"#FFFFFF"}},"foregroundColor":{"solid":{"color":"#F9F5F5"}}}],"filterCard":[{"$id":"Applied","backgroundColor":{"solid":{"color":"#00FFF2"}},"foregroundColor":{"solid":{"color":"#000000"}},"transparency":0},{"$id":"Available","foregroundColor":{"solid":{"color":"#FFFFFF"}}}]}}},"textClasses":{"label":{"color":"#FFFFFF"},"callout":{"color":"#FFFFFF","fontFace":"'Segoe UI', wf_segoe-ui_normal, helvetica, arial, sans-serif","fontSize":13},"title":{"color":"#00FFF2","fontFace":"'Segoe UI Semibold', wf_segoe-ui_semibold, helvetica, arial, sans-serif","fontSize":12},"header":{"color":"#FFFFFF"}},"foreground":"#FFFFFF","foregroundNeutralSecondary":"#FFFFFF","backgroundLight":"#FFFFFF","foregroundNeutralTertiary":"#FFFFFF","dataColors":["#439A97","#A8C0D8","#A0DEDB","#CBEDD5","#7D8F69","#63B8BD","#969696","#1EC5CE"]}